a,b
oliver_harrison , 10
GmFzhmi5 , 14
PzFlGYUC , 23
6p5vutqW , 16
lZUOKm6S , 24
rhyDsIWL , 67
fwQXfY83 , 25
ZF8MGC0T , 10
i8tc5Xfl , 14
mbtHMJZW , 15
sara_qB80gCPt , 16
j38UBMlO , 16
tixT4goS , 23
sDYE5R1T , 22
undefined , 13
YvwAlvp2 , 9
sara_d4ZWn6Pw , 14
MXYw2yHc , 28
WEHFaqpc , 11
1ZWBTYiI , 32
MbdjmoSe , 33
LzNNmife , 12
TpAM7MlI , 29
DhFjWp63 , 14
sara_2Ff0YpsL , 23
mUfRQGN4 , 23
sara_mMXZyRm3 , 15
svd2G1Bs , 30
yDEy9xiP , 22
1h4J6qdp , 21
sara_doVVXa0S , 19
79PDv4N9 , 19
sara_AV8fsR5S , 32
b7CfFy8I , 8
ngut7mkT , 22
74FuZrx2 , 14
xHWwpi10 , 25
ZJOPiOhj , 23
Q4hcOVN3 , 12
MWRWKUvB , 21
ixTcReNK , 13
6aPQqTGV , 14
tKlhvz09 , 33
tylDO6Mb , 21
74B2PCXW , 10
rtY2U9KD , 12
3diZvhKb , 22
DhYOBqZA , 30
rGIr3oYI , 17
r8BtT32m , 10
hidqu4gY , 11
sara_kHykBach , 21
Po0zj4Vv , 10
AmMPxEzA , 19
avBaKQmX , 16
sara_rpKmmOXW , 11
OWUrTWla , 22
OvpFXf7D , 24
undefined , 49
mLaXf5Oe , 10
kDKsaqGc , 12
v7VP5OTU , 14
B9To81n4 , 11
nmclGfdb , 17
cqygLR72 , 24
k1nM6wMk , 21
6y3s17JM , 16
YcRULdAi , 17
PCaVYtT0 , 18
FgBag7ol , 24
4D6Hugtb , 8
sara_rUuWRj32 , 21
undefined , 11
txAk4MHs , 25
undefined , 13
Z0gADkTo , 22
NkkZ3a2p , 16
yUMaNyKJ , 19
U8vikiLq , 25
KFTZNpVV , 18
Dxra4COD , 20
H2vBdOHr , 18
hn0IgOln , 25
sara_OnvS5W1p , 17
8KYyfn5t , 14
MMllb0fu , 16
UrX8AJFh , 15
ZYmjdWI2 , 15
jzYPp1g9 , 11
undefined , 45
7RABas3b , 13
kZUMwX3X , 16
undefined , 5
jTOiXw8o , 17
GZogc3K1 , 32
CLU31Zsv , 25
0h4wPo9t , 34
9a6tpwPe , 15
SZN1eP9l , 13
lY74vHI1 , 69
oWck82z6 , 19
Hw1VYTlu , 17
fpt7IdEQ , 14
0LWFHD7Y , 56
lvBhwGOH , 22
pJ5VUbvE , 22
7gp6rHsY , 22
BS4lynEE , 16
vDleRU2b , 18
UUNQimrA , 15
eYS23OkA , 30
0VZLzQB0 , 10
sara_vkVV8CXq , 20
5bDxrnAf , 29
XW7TETAx , 14
sara_0vtvAoDE , 22
CkRCvKTj , 13
JFGFrXSi , 18
GI6ZkgxG , 18
wPhZPjY1 , 26
qwQxmYvO , 12
dBWQWH8N , 11
5iknpNBc , 14
5KzAkxSx , 60
zw5j7CnW , 10
5yQpX111 , 20
oFbMY2ok , 16
yeG6eZ4T , 10
fbUC2Gky , 19
xFT9IkX3 , 42
Vdqb635d , 17
zi9EVghz , 14
5LfucSqu , 18
KqilujmT , 30
sara_O91wpu4M , 27
A1aqsQDB , 21
zYI2FSI1 , 14
7zpfkmJA , 15
NZl52yhk , 17
UYMTPrHk , 14
ktiPuFMj , 21
ofKAON5v , 17
6jU2XczD , 55
sara_3YrcrRpk , 25
vgXRfgx1 , 27
XV3tC6x7 , 19
iAFvjksM , 22
sara_46sE0DEF , 16
lxbQGVeW , 18
FlA74B1P , 12
HYsEFs5m , 13
WzPlNvAQ , 14
VjnRWmQA , 11
mWcZ8Bv6 , 22
sara_vmsNJnaE , 22
2iH5z9GN , 18
6grFtkMu , 7
